  1427	Shawn Pearce <spearce@spearce.org>
  1368	Matthias Sohn <matthias.sohn@sap.com>
   608	David Pursehouse <david.pursehouse@gmail.com>
   457	Robin Rosenberg <robin.rosenberg@dewire.com>
   330	Christian Halstrick <christian.halstrick@sap.com>
   218	Dave Borowitz <dborowitz@google.com>
   192	Jonathan Nieder <jrn@google.com>
   181	Chris Aniszczyk <caniszczyk@gmail.com>
   132	Robin Stocker <robin@nibor.org>
    91	Kevin Sawicki <kevin@github.com>
    84	Andrey Loskutov <loskutov@gmx.de>
    76	Thomas Wolf <thomas.wolf@paranor.ch>
    57	Stefan Lay <stefan.lay@sap.com>
    56	Terry Parker <tparker@google.com>
    53	Marc Strapetz <marc.strapetz@syntevo.com>
    51	Tomasz Zarna <Tomasz.Zarna@pl.ibm.com>
    44	Colby Ranger <cranger@google.com>
    44	Mathias Kinzler <mathias.kinzler@sap.com>
    36	Saša Živkov <sasa.zivkov@sap.com>
    34	Yuxuan 'fishy' Wang <fishywang@google.com>
    31	Jonathan Tan <jonathantanmy@google.com>
    26	Zhen Chen <czhen@google.com>
    25	Hugo Arès <hugo.ares@ericsson.com>
    25	Han-Wen Nienhuys <hanwen@google.com>
    23	Jens Baumgart <jens.baumgart@sap.com>
    18	Konrad Kügler <swamblumat-eclipsebugs@yahoo.de>
    16	David Ostrovsky <david@ostrovsky.org>
    16	Tomasz Zarna <tomasz.zarna@tasktop.com>
    16	Hector Caballero <hector.caballero@ericsson.com>
    16	Markus Duft <markus.duft@ssi-schaefer.com>
    16	Stefan Beller <sbeller@google.com>
    15	Rüdiger Herrmann <ruediger.herrmann@gmx.de>
    15	Masaya Suzuki <masayasuzuki@google.com>
    15	Jeff Schumacher <jeffschu@google.com>
    15	Sebastian Schuberth <sschuberth@gmail.com>
    15	Philipp Thun <philipp.thun@sap.com>
    13	Ketan Padegaonkar <KetanPadegaonkar@gmail.com>
    13	David Turner <dturner@twosigma.com>
    11	Markus Duft <markus.duft@salomon.at>
    10	Kaloyan Raev <kaloyan.r@zend.com>
    10	Roberto Tyley <roberto.tyley@gmail.com>
     9	Dariusz Luksza <dariusz@luksza.org>
     9	Ivan Frade <ifrade@google.com>
     9	Minh Thai <mthai@google.com>
     8	Michael Keppler <Michael.Keppler@gmx.de>
     8	Code Review <codereview-daemon@eclipse.org>
     7	Bernard Leach <leachbj@bouncycastle.org>
     6	Dmitry Neverov <dmitry.neverov@gmail.com>
     6	Roberto Tyley <roberto.tyley@guardian.co.uk>
     6	Ned Twigg <ned.twigg@diffplug.com>
     6	Marco Miller <marco.miller@ericsson.com>
     6	Tomasz Zarna <tzarna@gmail.com>
     6	Carsten Pfeiffer <carsten.pfeiffer@gebit.de>
     6	David Pletcher <dpletcher@google.com>
     5	Laurent Delaigue <laurent.delaigue@obeo.fr>
     5	Luca Milanesio <luca.milanesio@gmail.com>
     5	Axel Richard <axel.richard@obeo.fr>
     5	Mykola Nikishov <mn@mn.com.ua>
     5	Ian Wetherbee <wetherbeei@google.com>
     5	Johannes Schindelin <johannes.schindelin@gmx.de>
     5	Laurent Goubet <laurent.goubet@obeo.fr>
     4	Nico Sallembien <nsallembien@google.com>
     4	Dani Megert <Daniel_Megert@ch.ibm.com>
     4	Hiroshi Tomita <tomykaira@gmail.com>
     4	Dan Wang <dwwang@google.com>
     4	Philipp Marx <smigfu@googlemail.com>
     4	Laurent Goujon <lgoujon@twitter.com>
     4	Ivan Motsch <ivan.motsch@bsiag.com>
     4	Igor Fedorenko <igor@ifedorenko.com>
     4	Edwin Kempin <edwin.kempin@sap.com>
     4	Martin Fick <mfick@codeaurora.org>
     3	René Scheibe <rene.scheibe@gmail.com>
     3	Abhishek Bhatnagar <abhatnag@redhat.com>
     3	Oliver Lockwood <oliver.lockwood@cantab.net>
     3	Hongkai Liu <hongkai.liu@ericsson.com>
     3	Thirumala Reddy Mutchukota <thirumala@google.com>
     3	Mike Williams <miwilliams@google.com>
     3	Constantine Plotnikov <constantine.plotnikov@gmail.com>
     3	Tobias Pfeifer <to.pfeifer@sap.com>
     3	Tobias Pfeifer <to.pfeifer@web.de>
     3	Gustaf Lundh <gustaf.lundh@sonymobile.com>
     3	Jesse Greenwald <jesse.greenwald@garmin.com>
     3	Chris Price <chris@puppetlabs.com>
     3	Alex Blewitt <alex.blewitt@gmail.com>
     3	Adrian Goerler <adrian.goerler@sap.com>
     3	Doug Kelly <dougk.ff7@gmail.com>
     3	Alexander Kurtakov <akurtako@redhat.com>
     3	Dmitry Pavlenko <pavlenko@tmatesoft.com>
     2	Alex Rukhlin <arukhlin@microsoft.com>
     2	Yasuhiro Takagi <ytakagi@bea.hi-ho.ne.jp>
     2	James Melvin <jmelvin@codeaurora.org>
     2	Guillaume Nodet <gnodet@gmail.com>
     2	Arthur Baars <arthur@semmle.com>
     2	Joan Goyeau <joan@goyeau.com>
     2	Benjamin Muskalla <bmuskalla@eclipsesource.com>
     2	Andrei Pozolotin <andrei.pozolotin@gmail.com>
     2	Matthaus Owens <matthaus@puppetlabs.com>
     2	Preben Ingvaldsen <preben@puppetlabs.com>
     2	Jonathan Gossage <jgossage@gmail.com>
     2	Chris Gavin <chris@chrisgavin.me>
     2	Andreas Hermann <a.v.hermann@gmail.com>
     2	Thomas Meyer <thomas.mey@web.de>
     2	Masaya Suzuki <draftcode@gmail.com>
     2	Piotr Janik <janikpiotrek@gmail.com>
     2	Hector Oswaldo Caballero <hector.caballero@ericsson.com>
     2	Mike Edgar <adgar@google.com>
     2	Markus Keller <markus_keller@ch.ibm.com>
     2	Robin Rosenberg <roro01@handelsbanken.se>
     2	Mikael Karlsson <mmmicke@gmail.com>
     2	Lluis Sanchez <slluis.devel@gmail.com>
     2	Arthur Daussy <arthur.daussy@obeo.fr>
     2	Michael Keppler <michael.keppler@gmx.de>
     2	Jacek Centkowski <geminica.programs@gmail.com>
     1	Shaul Zorea <shaulzorea@gmail.com>
     1	Alcemir Santos <alcemir.santos@gmail.com>
     1	Alexey Kuznetsov <axet@me.com>
     1	Anatol Pomozov <anatol.pomozov@gmail.com>
     1	Andreas König <eclipse@berg-turbenthal.ch>
     1	Andrew Bayer <andrew.bayer@gmail.com>
     1	André Dietisheim <adietish@redhat.com>
     1	André de Oliveira <andre.oliveira@liferay.com>
     1	Anton Bannykh <Anton.Bannykh@jetbrains.com>
     1	Bo Zhang <zhangbodut@gmail.com>
     1	Bogdan Gheorghe <gheorghe@ca.ibm.com>
     1	Bryan Donlan <bdonlan@gmail.com>
     1	Carl Myers <cmyers@palantir.com>
     1	Changcheng Xiao <xchangcheng@google.com>
     1	Charley Wang <chwang@redhat.com>
     1	Chris Aniszczyk <zx@eclipsesource.com>
     1	Chris West (Faux) <git@goeswhere.com>
     1	Christian Pontesegger <christian.pontesegger@web.de>
     1	Christian Trutz <christian.trutz@gmail.com>
     1	Christoph Brill <egore@gmx.de>
     1	Cliffred van Velzen <cliffred@cliffred.nl>
     1	Dan Willemsen <dwillemsen@google.com>
     1	Daniel Megert <daniel_megert@ch.ibm.com>
     1	Denys Digtiar <duemir@gmail.com>
     1	Dmitry Fink <jgit@finik.net>
     1	Eryk Szymanski <eryksz@gmail.com>
     1	Frank Wagner <frank.wagner@fr.ibm.com>
     1	François Rey <eclipse.org@francois.rey.name>
     1	Fredrik Medley <fredrik.medley@gmail.com>
     1	Gabriel Couto <gmcouto@gmail.com>
     1	George C. Young <geyoung@rim.com>
     1	Git Development Community <git@vger.kernel.org>
     1	Grace Wang <gracewang92@gmail.com>
     1	Greg Hill <greghill@google.com>
     1	Gunnar Wagenknecht <gunnar@wagenknecht.org>
     1	Gustav Karlsson <gustav.karlsson@tieto.com>
     1	Ilmars Poikans <ilmars@delibero.lv>
     1	Jacob Keller <jacob.keller@gmail.com>
     1	James Kolb <jkolb@google.com>
     1	James Yonan <james@openvpn.net>
     1	Jason Pyeron <jpyeron@pdinc.us>
     1	Jean-Jacques Lafay <jeanjacques.lafay@gmail.com>
     1	Jens Offenbach <wolle5050@gmx.de>
     1	Jevgeni Zelenkov <jevgeni.zelenkov@gmail.com>
     1	John Ross <jwross@us.ibm.com>
     1	Jon Schneider <jkschneider@gmail.com>
     1	Jonas Fonseca <fonseca@diku.dk>
     1	KB Sriram <kbsriram@google.com>
     1	Karsten Thoms <karsten.thoms@itemis.de>
     1	Karthik K <oss.akk@gmail.com>
     1	Kevin Corcoran <kevin.corcoran@puppetlabs.com>
     1	Kohsuke Kawaguchi <kk@kohsuke.org>
     1	Lars Vogel <Lars.Vogel@gmail.com>
     1	Lars Vogel <Lars.Vogel@vogella.com>
     1	Leonard Broman <leonard.broman@gmail.com>
     1	Magnus Vigerlöf <magnus.vigerlof@gmail.com>
     1	Maik Schreiber <blizzy@blizzy.de>
     1	Manuel Doninger <manuel.doninger@googlemail.com>
     1	Marcel Trautwein <me+eclipse@childno.de>
     1	Mark Ingram <markdingram@gmail.com>
     1	Martin Goellnitz <m.goellnitz@outlook.com>
     1	Mat Booth <mat.booth@redhat.com>
     1	Mathieu Cartaud <mathieu.cartaud@obeo.fr>
     1	Matt Fischer <matt.fischer@garmin.com>
     1	Matthew Spurrier <matthew@spurrier.com.au>
     1	Mattias Neuling <neuling@dakosy.de>
     1	Michael FIG <michael@fig.org>
     1	Michael Nelson <michael.nelson@tasktop.com>
     1	Mickael Istria <mistria@redhat.com>
     1	Mike Gilbode <gilbode@gmail.com>
     1	Mincong HUANG <mincong.h@gmail.com>
     1	Mykola Nikishov <mn@notebook.(none)>
     1	Nadav Cohen <nadavcoh@gmail.com>
     1	Naoki Takezoe <takezoe@gmail.com>
     1	Nasser Grainawi <nasser@codeaurora.org>
     1	Patrick Carlson <carlsonp@iastate.edu>
     1	Patrick Steinhardt <ps@pks.im>
     1	Pepper Lebeck-Jobe <eljobe@gmail.com>
     1	Per Salomonsson <per@psnet.nu>
     1	Robert Munteanu <robert.munteanu@gmail.com>
     1	Roland Schulz <roland@utk.edu>
     1	SATO taichi <ryushi@gmail.com>
     1	Sascha Scholz <sascha.scholz@gmail.com>
     1	Stephen Lawson <slawson@ptc.com>
     1	Sven Selberg <sven.selberg@sonymobile.com>
     1	Sébastien Arod <sebastien.arod@gmail.com>
     1	Till Brychcy <register.eclipse@brychcy.de>
     1	Tim Hosey <timhoseydev@gmail.com>
     1	Tobias Oberlies <tobias.oberlies@sap.com>
     1	Tommi Siivola <tommi.siivola@eficode.com>
     1	Wim Jongman <wim.jongman@remainsoftware.com>
     1	XinTong Wang <xintong@ca.ibm.com>
     1	Yi EungJun <eungjun.yi@navercorp.com>
